node_id,consumption,con_rx,con_tx,con_standby,con_sleep,sink_rx_suc,sink_tx_suc,sink_delay_avg,rx_all_p,rx_suc_p,rx_fail_per,rx_fail_col,rx_fail_adr,rx_fail_dup,rx_fail_mis,rx_fail_buf,rx_buf_max,gen_p,tx_all_p,tx_suc_p,tx_fail_per,tx_fail_col,tx_fail_adr,tx_fail_dup,tx_fail_mis,tx_fail_buf,links
Network,2527.5853635820304,1135.2918283233012,1381.9286418081133,2.500272264598935,7.864621189730103,481,484,56.00139592230437,6132,1857,1627,0,0,2648,0,0,2,668,2044,1857,1627,0,0,2648,0,0,
0,369.87982709494787,254.3813277997812,112.90708570545999,0.6155732860197786,1.975840303911826,0,0,0,1877,481,509,0,0,887,0,0,0,167,167; 501,387,114,0,0,0,0,0,|{'1': 127, '2': 157, '3': 103}|
1,684.0812093504271,254.87377022059215,426.61300047990096,0.6292023110997157,1.9652363400678916,163,162,50.92477107557634,1413,464,336,0,0,613,0,0,1,167,631; 1893,509,474,0,0,910,0,0,|{'0': 448, '2': 565, '3': 406}|
2,765.874092259024,337.3487503822306,425.9369101463354,0.6285336136197149,1.959898117963259,166,166,41.38701231811923,1414,463,283,0,0,668,0,0,2,167,630; 1890,595,336,0,0,959,0,0,|{'0': 566, '1': 568, '3': 420}|
3,707.7502348776316,288.68797992069733,416.47164547641694,0.6269630538597258,1.9636464277871275,152,156,75.69240437321754,1428,449,499,0,0,480,0,0,2,167,616; 1848,366,703,0,0,779,0,0,|{'0': 354, '1': 382, '2': 409}|
