node_id,consumption,con_rx,con_tx,con_standby,con_sleep,sink_rx_suc,sink_tx_suc,sink_delay_avg,rx_all_p,rx_suc_p,rx_fail_per,rx_fail_col,rx_fail_adr,rx_fail_dup,rx_fail_mis,rx_fail_buf,rx_buf_max,gen_p,tx_all_p,tx_suc_p,tx_fail_per,tx_fail_col,tx_fail_adr,tx_fail_dup,tx_fail_mis,tx_fail_buf,links
Network,2240.0243631262106,993.7578803202957,1235.8931297579427,2.4955095963589624,7.87784345417149,457,460,52.090019455880785,5484,1617,2150,0,0,1717,0,0,3,668,1828,1617,2150,0,0,1717,0,0,
0,304.6267953044113,189.12437849082514,112.90708570545999,0.6152994638997799,1.9800316444703703,0,0,0,1661,457,521,0,0,683,0,0,0,167,167; 501,344,157,0,0,0,0,0,|{'1': 150, '2': 110, '3': 84}|
1,687.5723259992195,305.01975842224556,379.9627674638743,0.6265093051797292,1.9632908088703045,162,159,25.63318382833719,1266,395,533,0,0,338,0,0,1,167,562; 1686,473,608,0,0,605,0,0,|{'0': 507, '2': 334, '3': 237}|
2,689.0489807597917,306.49449089755484,379.9627674638743,0.6282269017197197,1.9634954975793415,148,152,68.53317087556869,1266,395,477,0,0,394,0,0,3,167,562; 1686,442,664,0,0,580,0,0,|{'0': 339, '1': 332, '3': 351}|
3,558.776261062788,193.1192525096701,363.0605091247342,0.6254739255597337,1.9710255032514743,147,149,62.10370366373647,1291,370,619,0,0,302,0,0,1,167,537; 1611,358,721,0,0,532,0,0,|{'0': 294, '1': 251, '2': 345}|
