node_id,consumption,con_rx,con_tx,con_standby,con_sleep,sink_rx_suc,sink_tx_suc,sink_delay_avg,rx_all_p,rx_suc_p,rx_fail_per,rx_fail_col,rx_fail_adr,rx_fail_dup,rx_fail_mis,rx_fail_buf,rx_buf_max,gen_p,tx_all_p,tx_suc_p,tx_fail_per,tx_fail_col,tx_fail_adr,tx_fail_dup,tx_fail_mis,tx_fail_buf,links
Network,2337.0304107882807,1175.2924018448425,1151.3818380622424,2.485881099899012,7.870289782954996,350,309,50.03240860338906,5109,1385,1930,212,0,1582,0,0,4,668,1703,1385,1930,212,0,1582,0,0,
0,444.08414709339525,328.58640389372937,112.90708570545999,0.6186639749397655,1.9719935189368551,0,0,0,1536,350,720,68,0,398,0,0,0,167,167; 501,205,231,65,0,0,0,0,|{'1': 109, '2': 93, '3': 68}|
1,693.711767285561,357.1352412150993,333.98862478141325,0.6257474803797332,1.9621538093348634,142,109,56.54714668467576,1209,327,309,79,0,494,0,0,4,167,494; 1482,515,418,0,0,549,0,0,|{'0': 318, '2': 373, '3': 373}|
2,628.0930328136259,290.84394770061704,334.66471511497883,0.6186166687797688,1.9657533299904095,130,100,42.58366814559112,1208,328,456,38,0,386,0,0,3,167,495; 1485,433,565,0,0,487,0,0,|{'0': 275, '1': 375, '3': 270}|
3,571.1414635956985,198.7268090353969,369.82141246039026,0.6228529757997445,1.9703891246928675,78,100,50.96641097990029,1156,380,445,27,0,304,0,0,1,167,547; 1641,232,716,147,0,546,0,0,|{'0': 223, '1': 416, '2': 286}|
