node_id,consumption,sink_rx_success,sink_tx_success,sink_delay_avg,rx_all_p,rx_fail_col,rx_fail_dup,rx_fail_buf,rx_buf_max,gen_p,tx_all_p,tx_success_p,tx_fail_per,tx_fail_col,tx_fail_dup,tx_fail_buf,links
Network,16.33916809047265,3,3,23100062.594250202,29,0,17,0,7,4,13,12,10,0,17,0,
0,2395.2623389475157,0,0,0,9,0,6,0,0,1,1; 1,1,2,0,0,0,|{'1': 0, '2': 1, '3': 0}|
1,4398.135285985629,1,1,14485031.195723534,7,0,4,0,2,1,4; 8,4,4,0,4,0,|{'0': 3, '2': 4, '3': 1}|
2,4957.759060950637,1,1,31655136.212067127,8,0,5,0,3,1,4; 11,5,1,0,6,0,|{'0': 4, '1': 3, '3': 4}|
3,4588.011404588868,1,1,23160020.374959946,5,0,2,0,2,1,4; 9,2,3,0,7,0,|{'0': 2, '1': 4, '2': 3}|
