node_id,consumption,con_rx,con_tx,con_standby,con_sleep,sink_rx_suc,sink_tx_suc,sink_delay_avg,rx_all_p,rx_suc_p,rx_fail_per,rx_fail_col,rx_fail_adr,rx_fail_dup,rx_fail_mis,rx_fail_buf,rx_buf_max,gen_p,tx_all_p,tx_suc_p,tx_fail_per,tx_fail_col,tx_fail_adr,tx_fail_dup,tx_fail_mis,tx_fail_buf,links
Network,14.968526245651491,1.8310142808098226,2.0282710006968743,0.004398964020000055,0.017345410870547875,3,3,26.506244943062306,36,11,10,0,0,15,0,0,4,4,12,11,10,0,0,15,0,0,
0,2215.3298245111105,1518.0166804033927,676.0903335656249,4.151541240000093,17.07126930207732,0,0,0,11,3,3,0,0,5,0,0,0,1,1; 3,2,1,0,0,0,0,0,|{'1': 0, '2': 1, '3': 1}|
1,4256.054282661192,1530.001052878897,2704.3613342624994,4.41967482000005,17.272220699890866,1,1,11631875.55406332,8,3,2,0,0,3,0,0,2,1,4; 12,3,3,0,0,6,0,0,|{'0': 3, '2': 4, '3': 2}|
2,4616.112482081927,1890.5536828720494,2704.3613342624994,4.37712462000005,16.82034032747562,1,1,28807688.608789444,8,3,0,0,0,5,0,0,4,1,4; 12,3,3,0,0,6,0,0,|{'0': 4, '1': 4, '3': 1}|
3,3881.029656397262,1831.0142808098226,2028.2710006968744,4.398964020000055,17.345410870547877,1,1,39079170.66633415,9,2,5,0,0,2,0,0,2,1,3; 9,3,3,0,0,3,0,0,|{'0': 1, '1': 2, '2': 3}|
